Face,Rolled,Expected,Combinations
2,3,14.90909091,1
3,7,14.90909091,2
4,11,14.90909091,3
5,19,14.90909091,4
6,22,14.90909091,5
7,27,14.90909091,6
8,24,14.90909091,5
9,18,14.90909091,4
10,13,14.90909091,3
11,13,14.90909091,2
12,7,14.90909091,1